{
  "project_info": {
    "project_number": "172195336099",
    "firebase_url": "https://roll-a-dice-1074c.firebaseio.com",
    "project_id": "roll-a-dice-1074c",
    "storage_bucket": "roll-a-dice-1074c.appspot.com"
  },
  "client": [
    {
      "client_info": {
        "mobilesdk_app_id": "1:172195336099:android:e0464f003a595516",
        "android_client_info": {
          "package_name": "com.example.caglarfindikli.springforandroidexample"
        }
      },
      "oauth_client": [
        {
          "client_id": "172195336099-b0jsu48sq4fs7qlu677q2lhnoi52htv0.apps.googleusercontent.com",
          "client_type": 1,
          "android_info": {
            "package_name": "com.example.caglarfindikli.springforandroidexample",
            "certificate_hash": "3576a1dfbe4039de4a3a77c575dc897c7006ac78"
          }
        },
        {
          "client_id": "172195336099-edfelts4pvbprlcuseno33m90po2f7li.apps.googleusercontent.com",
          "client_type": 3
        }
      ],
      "api_key": [
        {
          "current_key": "AIzaSyDEYazBX5-g1fydDO9kn9HjaT6pczi5IaE"
        }
      ],
      "services": {
        "analytics_service": {
          "status": 1
        },
        "appinvite_service": {
          "status": 2,
          "other_platform_oauth_client": [
            {
              "client_id": "172195336099-edfelts4pvbprlcuseno33m90po2f7li.apps.googleusercontent.com",
              "client_type": 3
            }
          ]
        },
        "ads_service": {
          "status": 2
        }
      }
    }
  ],
  "configuration_version": "1"
}